{
  "Planing-Productive/src/icons.jsx": 1776853272.4156137,
  "Planing-Productive/src/ui.jsx": 1776933640.8690708,
  "Planing-Productive/src/store.jsx": 1776927897.4859576,
  "Planing-Productive/src/app.jsx": 1776930442.6905084,
  "Planing-Productive/src/auth.jsx": 1776933718.764225,
  "Planing-Productive/src/tweaks.jsx": 1776853272.4185193,
  "Planing-Productive/src/pages/History.jsx": 1776920057.5126357,
  "Planing-Productive/src/pages/Calendar.jsx": 1776933973.761713,
  "Planing-Productive/src/pages/Dashboard.jsx": 1776855243.2393756,
  "Planing-Productive/src/pages/Focus.jsx": 1776920020.6705046,
  "Planing-Productive/src/pages/Settings.jsx": 1776927919.9228537,
  "Planing-Productive/src/pages/Matrix.jsx": 1776920027.286223,
  "Project-music/packages/shared/src/state.ts": 1776849561.055822,
  "Project-music/packages/shared/src/events.ts": 1776849569.4759994,
  "Project-music/packages/shared/src/index.ts": 1776772404.4845207,
  "Project-music/apps/web/postcss.config.mjs": 1776772503.7517571,
  "Project-music/apps/web/next.config.mjs": 1776772488.5344346,
  "Project-music/apps/web/next-env.d.ts": 1776772650.8862524,
  "Project-music/apps/web/tailwind.config.ts": 1776772499.6553876,
  "Project-music/apps/web/app/layout.tsx": 1776782420.8659081,
  "Project-music/apps/web/app/page.tsx": 1776849703.592446,
  "Project-music/apps/web/app/r/[code]/page.tsx": 1776850657.4471362,
  "Project-music/apps/web/components/YouTubePlayer.tsx": 1776775240.2888594,
  "Project-music/apps/web/components/ServiceWorkerRegister.tsx": 1776782402.5271294,
  "Project-music/apps/web/public/sw.js": 1776782397.9907699,
  "Project-music/apps/web/lib/socket.ts": 1776772867.2168937,
  "Project-music/apps/web/lib/realtime-url.ts": 1776803636.4227624,
  "Project-music/apps/realtime/src/server.ts": 1776849606.771105,
  "Project-music/apps/realtime/src/rooms.ts": 1776849579.1177173,
  "README.md": 1776850195.5851421,
  "Planing-Productive/index.html": 1776933734.9839468,
  "Planing-Productive/README.md": 1776930787.4999151,
  "Planing-Productive/CLAUDE.md": 1776854374.3130913,
  "Project-music/PRD.md": 1776770285.2761502,
  "Project-music/CLAUDE.md": 1776775390.624199,
  "Planing-Productive/favicon.svg": 1776930284.0328712,
  "Project-music/apps/web/public/icon.svg": 1776782389.5548632
}